[{"CountryName":"India","IndicatorName":"Rural population (% of total population)","Value":"82.076","Year":"1960"},{"CountryName":"India","IndicatorName":"Urban population (% of total)","Value":"17.924","Year":"1960"},{"CountryName":"India","IndicatorName":"Rural population (% of total population)","Value":"81.968","Year":"1961"},{"CountryName":"India","IndicatorName":"Urban population (% of total)","Value":"18.032","Year":"1961"},{"CountryName":"India","IndicatorName":"Rural population (% of total population)","Value":"81.782","Year":"1962"},{"CountryName":"India","IndicatorName":"Urban population (% of total)","Value":"18.218","Year":"1962"},{"CountryName":"India","IndicatorName":"Rural population (% of total population)","Value":"81.595","Year":"1963"},{"CountryName":"India","IndicatorName":"Urban population (% of total)","Value":"18.405","Year":"1963"},{"CountryName":"India","IndicatorName":"Rural population (% of total population)","Value":"81.405","Year":"1964"},{"CountryName":"India","IndicatorName":"Urban population (% of total)","Value":"18.595","Year":"1964"},{"CountryName":"India","IndicatorName":"Rural population (% of total population)","Value":"81.215","Year":"1965"},{"CountryName":"India","IndicatorName":"Urban population (% of total)","Value":"18.785","Year":"1965"},{"CountryName":"India","IndicatorName":"Rural population (% of total population)","Value":"81.023","Year":"1966"},{"CountryName":"India","IndicatorName":"Urban population (% of total)","Value":"18.977","Year":"1966"},{"CountryName":"India","IndicatorName":"Rural population (% of total population)","Value":"80.829","Year":"1967"},{"CountryName":"India","IndicatorName":"Urban population (% of total)","Value":"19.171","Year":"1967"},{"CountryName":"India","IndicatorName":"Rural population (% of total population)","Value":"80.634","Year":"1968"},{"CountryName":"India","IndicatorName":"Urban population (% of total)","Value":"19.366","Year":"1968"},{"CountryName":"India","IndicatorName":"Rural population (% of total population)","Value":"80.438","Year":"1969"},{"CountryName":"India","IndicatorName":"Urban population (% of total)","Value":"19.562","Year":"1969"},{"CountryName":"India","IndicatorName":"Rural population (% of total population)","Value":"80.24","Year":"1970"},{"CountryName":"India","IndicatorName":"Urban population (% of total)","Value":"19.76","Year":"1970"},{"CountryName":"India","IndicatorName":"Rural population (% of total population)","Value":"80.009","Year":"1971"},{"CountryName":"India","IndicatorName":"Urban population (% of total)","Value":"19.991","Year":"1971"},{"CountryName":"India","IndicatorName":"Rural population (% of total population)","Value":"79.679","Year":"1972"},{"CountryName":"India","IndicatorName":"Urban population (% of total)","Value":"20.321","Year":"1972"},{"CountryName":"India","IndicatorName":"Rural population (% of total population)","Value":"79.347","Year":"1973"},{"CountryName":"India","IndicatorName":"Urban population (% of total)","Value":"20.653","Year":"1973"},{"CountryName":"India","IndicatorName":"Rural population (% of total population)","Value":"79.009","Year":"1974"},{"CountryName":"India","IndicatorName":"Urban population (% of total)","Value":"20.991","Year":"1974"},{"CountryName":"India","IndicatorName":"Rural population (% of total population)","Value":"78.668","Year":"1975"},{"CountryName":"India","IndicatorName":"Urban population (% of total)","Value":"21.332","Year":"1975"},{"CountryName":"India","IndicatorName":"Rural population (% of total population)","Value":"78.323","Year":"1976"},{"CountryName":"India","IndicatorName":"Urban population (% of total)","Value":"21.677","Year":"1976"},{"CountryName":"India","IndicatorName":"Rural population (% of total population)","Value":"77.974","Year":"1977"},{"CountryName":"India","IndicatorName":"Urban population (% of total)","Value":"22.026","Year":"1977"},{"CountryName":"India","IndicatorName":"Rural population (% of total population)","Value":"77.621","Year":"1978"},{"CountryName":"India","IndicatorName":"Urban population (% of total)","Value":"22.379","Year":"1978"},{"CountryName":"India","IndicatorName":"Rural population (% of total population)","Value":"77.264","Year":"1979"},{"CountryName":"India","IndicatorName":"Urban population (% of total)","Value":"22.736","Year":"1979"},{"CountryName":"India","IndicatorName":"Rural population (% of total population)","Value":"76.902","Year":"1980"},{"CountryName":"India","IndicatorName":"Urban population (% of total)","Value":"23.098","Year":"1980"},{"CountryName":"India","IndicatorName":"Rural population (% of total population)","Value":"76.583","Year":"1981"},{"CountryName":"India","IndicatorName":"Urban population (% of total)","Value":"23.417","Year":"1981"},{"CountryName":"India","IndicatorName":"Rural population (% of total population)","Value":"76.353","Year":"1982"},{"CountryName":"India","IndicatorName":"Urban population (% of total)","Value":"23.647","Year":"1982"},{"CountryName":"India","IndicatorName":"Rural population (% of total population)","Value":"76.121","Year":"1983"},{"CountryName":"India","IndicatorName":"Urban population (% of total)","Value":"23.879","Year":"1983"},{"CountryName":"India","IndicatorName":"Rural population (% of total population)","Value":"75.887","Year":"1984"},{"CountryName":"India","IndicatorName":"Urban population (% of total)","Value":"24.113","Year":"1984"},{"CountryName":"India","IndicatorName":"Rural population (% of total population)","Value":"75.652","Year":"1985"},{"CountryName":"India","IndicatorName":"Urban population (% of total)","Value":"24.348","Year":"1985"},{"CountryName":"India","IndicatorName":"Rural population (% of total population)","Value":"75.415","Year":"1986"},{"CountryName":"India","IndicatorName":"Urban population (% of total)","Value":"24.585","Year":"1986"},{"CountryName":"India","IndicatorName":"Rural population (% of total population)","Value":"75.177","Year":"1987"},{"CountryName":"India","IndicatorName":"Urban population (% of total)","Value":"24.823","Year":"1987"},{"CountryName":"India","IndicatorName":"Rural population (% of total population)","Value":"74.937","Year":"1988"},{"CountryName":"India","IndicatorName":"Urban population (% of total)","Value":"25.063","Year":"1988"},{"CountryName":"India","IndicatorName":"Rural population (% of total population)","Value":"74.695","Year":"1989"},{"CountryName":"India","IndicatorName":"Urban population (% of total)","Value":"25.305","Year":"1989"},{"CountryName":"India","IndicatorName":"Rural population (% of total population)","Value":"74.453","Year":"1990"},{"CountryName":"India","IndicatorName":"Urban population (% of total)","Value":"25.547","Year":"1990"},{"CountryName":"India","IndicatorName":"Rural population (% of total population)","Value":"74.222","Year":"1991"},{"CountryName":"India","IndicatorName":"Urban population (% of total)","Value":"25.778","Year":"1991"},{"CountryName":"India","IndicatorName":"Rural population (% of total population)","Value":"74.016","Year":"1992"},{"CountryName":"India","IndicatorName":"Urban population (% of total)","Value":"25.984","Year":"1992"},{"CountryName":"India","IndicatorName":"Rural population (% of total population)","Value":"73.809","Year":"1993"},{"CountryName":"India","IndicatorName":"Urban population (% of total)","Value":"26.191","Year":"1993"},{"CountryName":"India","IndicatorName":"Rural population (% of total population)","Value":"73.601","Year":"1994"},{"CountryName":"India","IndicatorName":"Urban population (% of total)","Value":"26.399","Year":"1994"},{"CountryName":"India","IndicatorName":"Rural population (% of total population)","Value":"73.393","Year":"1995"},{"CountryName":"India","IndicatorName":"Urban population (% of total)","Value":"26.607","Year":"1995"},{"CountryName":"India","IndicatorName":"Rural population (% of total population)","Value":"73.183","Year":"1996"},{"CountryName":"India","IndicatorName":"Urban population (% of total)","Value":"26.817","Year":"1996"},{"CountryName":"India","IndicatorName":"Rural population (% of total population)","Value":"72.972","Year":"1997"},{"CountryName":"India","IndicatorName":"Urban population (% of total)","Value":"27.028","Year":"1997"},{"CountryName":"India","IndicatorName":"Rural population (% of total population)","Value":"72.76","Year":"1998"},{"CountryName":"India","IndicatorName":"Urban population (% of total)","Value":"27.24","Year":"1998"},{"CountryName":"India","IndicatorName":"Rural population (% of total population)","Value":"72.547","Year":"1999"},{"CountryName":"India","IndicatorName":"Urban population (% of total)","Value":"27.453","Year":"1999"},{"CountryName":"India","IndicatorName":"Rural population (% of total population)","Value":"72.333","Year":"2000"},{"CountryName":"India","IndicatorName":"Urban population (% of total)","Value":"27.667","Year":"2000"},{"CountryName":"India","IndicatorName":"Rural population (% of total population)","Value":"72.082","Year":"2001"},{"CountryName":"India","IndicatorName":"Urban population (% of total)","Value":"27.918","Year":"2001"},{"CountryName":"India","IndicatorName":"Rural population (% of total population)","Value":"71.756","Year":"2002"},{"CountryName":"India","IndicatorName":"Urban population (% of total)","Value":"28.244","Year":"2002"},{"CountryName":"India","IndicatorName":"Rural population (% of total population)","Value":"71.428","Year":"2003"},{"CountryName":"India","IndicatorName":"Urban population (% of total)","Value":"28.572","Year":"2003"},{"CountryName":"India","IndicatorName":"Rural population (% of total population)","Value":"71.097","Year":"2004"},{"CountryName":"India","IndicatorName":"Urban population (% of total)","Value":"28.903","Year":"2004"},{"CountryName":"India","IndicatorName":"Rural population (% of total population)","Value":"70.765","Year":"2005"},{"CountryName":"India","IndicatorName":"Urban population (% of total)","Value":"29.235","Year":"2005"},{"CountryName":"India","IndicatorName":"Rural population (% of total population)","Value":"70.431","Year":"2006"},{"CountryName":"India","IndicatorName":"Urban population (% of total)","Value":"29.569","Year":"2006"},{"CountryName":"India","IndicatorName":"Rural population (% of total population)","Value":"70.094","Year":"2007"},{"CountryName":"India","IndicatorName":"Urban population (% of total)","Value":"29.906","Year":"2007"},{"CountryName":"India","IndicatorName":"Rural population (% of total population)","Value":"69.754","Year":"2008"},{"CountryName":"India","IndicatorName":"Urban population (% of total)","Value":"30.246","Year":"2008"},{"CountryName":"India","IndicatorName":"Rural population (% of total population)","Value":"69.413","Year":"2009"},{"CountryName":"India","IndicatorName":"Urban population (% of total)","Value":"30.587","Year":"2009"},{"CountryName":"India","IndicatorName":"Rural population (% of total population)","Value":"69.07","Year":"2010"},{"CountryName":"India","IndicatorName":"Urban population (% of total)","Value":"30.93","Year":"2010"},{"CountryName":"India","IndicatorName":"Rural population (% of total population)","Value":"68.724","Year":"2011"},{"CountryName":"India","IndicatorName":"Urban population (% of total)","Value":"31.276","Year":"2011"},{"CountryName":"India","IndicatorName":"Rural population (% of total population)","Value":"68.369","Year":"2012"},{"CountryName":"India","IndicatorName":"Urban population (% of total)","Value":"31.631","Year":"2012"},{"CountryName":"India","IndicatorName":"Rural population (% of total population)","Value":"68.006","Year":"2013"},{"CountryName":"India","IndicatorName":"Urban population (% of total)","Value":"31.994","Year":"2013"},{"CountryName":"India","IndicatorName":"Rural population (% of total population)","Value":"67.634","Year":"2014"},{"CountryName":"India","IndicatorName":"Urban population (% of total)","Value":"32.366","Year":"2014"}]